"Longitude","Latitude","Genus","Species","x"
-116.557617,32.929771,"Quercus","agrifolia",141.866666666667
-117.555656,33.627308,"Quercus","agrifolia",152.588709677419
-117.555573,33.628738,"Quercus","agrifolia",161.829596412556
-117.553055,33.640274,"Quercus","agrifolia",173.509090909091
-117.775146,33.821255,"Quercus","agrifolia",256
-118.342735,33.828571,"Quercus","agrifolia",162.074074074074
-118.341484,33.828686,"Quercus","agrifolia",275
-117.320084,33.971535,"Quercus","agrifolia",253
-118.811821,34.0312,"Quercus","agrifolia",153.16935483871
-118.814781,34.037823,"Quercus","agrifolia",243
-118.716232,34.096893,"Quercus","agrifolia",302
-118.713799,34.097961,"Quercus","agrifolia",100
-118.706429,34.102745,"Quercus","agrifolia",322
-118.757507,34.11578,"Quercus","agrifolia",134.248995983936
-118.758972,34.115868,"Quercus","agrifolia",176.473684210526
-118.759033,34.118164,"Quercus","agrifolia",138.857142857143
-118.209747,34.126862,"Quercus","agrifolia",93.4494382022472
-118.210663,34.129532,"Quercus","agrifolia",107
-118.631638,34.135941,"Quercus","agrifolia",297.928571428571
-118.960732,34.145714,"Quercus","agrifolia",154.204081632653
-118.62973,34.147045,"Quercus","agrifolia",299
-118.960472,34.149364,"Quercus","agrifolia",136.823129251701
-118.73069,34.156467,"Quercus","agrifolia",147.424778761062
-118.726082,34.159077,"Quercus","agrifolia",156.908450704225
-118.724113,34.173267,"Quercus","agrifolia",145.780141843972
-118.724167,34.173702,"Quercus","agrifolia",141.084337349398
-118.886124,34.185997,"Quercus","agrifolia",104
-119.878304,34.407539,"Quercus","agrifolia",93
-119.723991,34.415752,"Quercus","agrifolia",134
-119.255875,34.445488,"Quercus","agrifolia",108
-119.709938,34.457253,"Quercus","agrifolia",95
-119.809242,34.498074,"Quercus","agrifolia",83.8709677419355
-120.040688,34.675453,"Quercus","agrifolia",141.83734939759
-120.658836,35.302826,"Quercus","agrifolia",59
-120.728859,35.330288,"Quercus","agrifolia",160.452830188679
-121.0784,35.539219,"Quercus","agrifolia",96.3333333333333
-121.079132,35.539249,"Quercus","agrifolia",118.941176470588
-119.088158,36.203007,"Quercus","agrifolia",1
-119.073227,36.209923,"Quercus","agrifolia",2
-119.142052,36.296062,"Quercus","agrifolia",118
-121.550117,36.387501,"Quercus","agrifolia",89.4347826086957
-121.7938,36.654385,"Quercus","agrifolia",109.7
-121.525749,37.067856,"Quercus","agrifolia",28
-121.882973,37.213058,"Quercus","agrifolia",104.444444444444
-121.884605,37.213455,"Quercus","agrifolia",84
-122.359848,37.263165,"Quercus","agrifolia",136.5625
-121.809967,37.285587,"Quercus","agrifolia",119.285714285714
-121.882172,37.333042,"Quercus","agrifolia",121
-122.128151,37.360123,"Quercus","agrifolia",125.25
-122.130836,37.360928,"Quercus","agrifolia",277.105263157895
-122.127022,37.360935,"Quercus","agrifolia",138.538461538462
-122.258591,37.408615,"Quercus","agrifolia",10
-122.13887,37.410206,"Quercus","agrifolia",100.974358974359
-121.960197,37.439407,"Quercus","agrifolia",124.066666666667
-122.073212,37.531857,"Quercus","agrifolia",139.670886075949
-122.327965,37.545815,"Quercus","agrifolia",84.8
-122.295486,37.550266,"Quercus","agrifolia",286
-122.39859,37.761826,"Quercus","agrifolia",259.5
-122.482239,37.788151,"Quercus","agrifolia",189
-122.482285,37.78825,"Quercus","agrifolia",173.62962962963
-122.482101,37.788403,"Quercus","agrifolia",189.25
-122.470154,37.788433,"Quercus","agrifolia",179.735849056604
-122.482086,37.788437,"Quercus","agrifolia",210.4
-122.142197,37.79121,"Quercus","agrifolia",138.280575539568
-122.470894,37.801132,"Quercus","agrifolia",259.333333333333
-122.175865,37.813675,"Quercus","agrifolia",129.541666666667
-122.175591,37.813755,"Quercus","agrifolia",142.142857142857
-122.17572,37.814865,"Quercus","agrifolia",150.4375
-122.176064,37.815536,"Quercus","agrifolia",127.75
-122.250557,37.835648,"Quercus","agrifolia",272.25
-122.249611,37.835732,"Quercus","agrifolia",262.4
-122.25074,37.835827,"Quercus","agrifolia",293.617647058824
-122.251404,37.835876,"Quercus","agrifolia",263
-122.251427,37.83588,"Quercus","agrifolia",262
-122.25071,37.835884,"Quercus","agrifolia",273.666666666667
-122.250351,37.836929,"Quercus","agrifolia",264
-122.735527,37.930042,"Quercus","agrifolia",177.567567567568
-122.129555,37.988838,"Quercus","agrifolia",134.641221374046
-122.490158,38.009083,"Quercus","agrifolia",75
-122.209435,38.180019,"Quercus","agrifolia",272
-122.185867,38.188091,"Quercus","agrifolia",166.363157894737
-122.653343,38.226364,"Quercus","agrifolia",206.333333333333
-122.507515,38.368973,"Quercus","agrifolia",173.769230769231
-122.720764,38.456081,"Quercus","agrifolia",197.5
-122.720779,38.456898,"Quercus","agrifolia",184.2
-122.721207,38.458218,"Quercus","agrifolia",191
-122.688683,38.570858,"Quercus","agrifolia",121.544
-122.691551,38.574471,"Quercus","agrifolia",146
-71.072701,42.279442,"Quercus","agrifolia",118
-84.658638,44.337605,"Quercus","agrifolia",187
-82.763756,27.928026,"Quercus","alba",194
-95.452187,29.765047,"Quercus","alba",93.4444444444444
-97.92852,29.871483,"Quercus","alba",312
-95.320061,30.292294,"Quercus","alba",42.5714285714286
-91.974129,30.335663,"Quercus","alba",61
-94.873947,32.363758,"Quercus","alba",148.080459770115
-83.381767,33.966507,"Quercus","alba",140
-84.355904,34.01189,"Quercus","alba",182.864864864865
-81.119118,34.015724,"Quercus","alba",82
-83.123123,34.054062,"Quercus","alba",129.5
-81.633675,34.477066,"Quercus","alba",100
-83.026482,34.771198,"Quercus","alba",172
-82.439514,34.922466,"Quercus","alba",56
-84.035172,35.092709,"Quercus","alba",200.51724137931
-81.238503,35.121456,"Quercus","alba",230.125
-79.368179,35.149792,"Quercus","alba",110.375
-79.369591,35.152592,"Quercus","alba",191
-97.446884,35.179497,"Quercus","alba",59
-85.921654,35.200981,"Quercus","alba",93.8333333333333
-85.916466,35.203251,"Quercus","alba",89.7142857142857
-97.439476,35.222569,"Quercus","alba",79.3333333333333
-82.453087,35.273144,"Quercus","alba",164.193548387097
-83.811615,35.460716,"Quercus","alba",187.398148148148
-83.433441,35.463467,"Quercus","alba",175.28125
-82.608856,35.497227,"Quercus","alba",181.625
-82.60807,35.49794,"Quercus","alba",320
-86.580444,35.51749,"Quercus","alba",266
-82.469681,35.517879,"Quercus","alba",103
-82.599571,35.536621,"Quercus","alba",315
-82.645256,35.557968,"Quercus","alba",314
-82.621315,35.563446,"Quercus","alba",278
-83.782997,35.603413,"Quercus","alba",216.470319634703
-82.31842,35.62027,"Quercus","alba",10
-83.941086,35.633415,"Quercus","alba",300.1
-83.689034,35.640625,"Quercus","alba",232.163265306122
-82.302879,35.643738,"Quercus","alba",91
-83.68988,35.644516,"Quercus","alba",223.051282051282
-83.501083,35.688751,"Quercus","alba",223.315789473684
-83.609718,35.696671,"Quercus","alba",157.25
-78.815842,35.749538,"Quercus","alba",291.5
-83.965218,35.781132,"Quercus","alba",128.25
-82.035561,35.788307,"Quercus","alba",261.571428571429
-83.937164,35.84919,"Quercus","alba",258.272727272727
-83.937325,35.84922,"Quercus","alba",124.75
-78.730156,35.90099,"Quercus","alba",66
-78.706917,35.929752,"Quercus","alba",312.2
-79.878731,36.003922,"Quercus","alba",103.333333333333
-81.109833,36.137142,"Quercus","alba",235.75
-78.673096,36.16449,"Quercus","alba",288
-83.838577,36.275803,"Quercus","alba",108
-84.32373,36.440903,"Quercus","alba",195.8
-94.133804,36.483219,"Quercus","alba",109
-80.088455,37.189873,"Quercus","alba",113.384615384615
-80.416328,37.220814,"Quercus","alba",79
-80.414398,37.2215,"Quercus","alba",274.5
-80.422211,37.221943,"Quercus","alba",295.75
-80.419739,37.224602,"Quercus","alba",99.1428571428571
-80.425392,37.224903,"Quercus","alba",281
-80.417213,37.225574,"Quercus","alba",270.5
-80.423065,37.228218,"Quercus","alba",267.714285714286
-80.419189,37.230183,"Quercus","alba",269.333333333333
-80.418739,37.230289,"Quercus","alba",252.5
-76.672745,37.236397,"Quercus","alba",312
-79.94516,37.238335,"Quercus","alba",106.222222222222
-79.942352,37.241226,"Quercus","alba",104.4
-80.407936,37.253307,"Quercus","alba",258
-79.963844,37.254807,"Quercus","alba",109.666666666667
-79.996513,37.286224,"Quercus","alba",104
-79.895317,37.309994,"Quercus","alba",107.75
-79.055511,37.32526,"Quercus","alba",94
-80.088806,37.381329,"Quercus","alba",279.6875
-77.554939,37.538078,"Quercus","alba",113.5
-77.474373,37.595741,"Quercus","alba",309.666666666667
-84.27002,37.839333,"Quercus","alba",280
-85.705109,37.963814,"Quercus","alba",105
-91.459366,38.007008,"Quercus","alba",151
-84.503693,38.015343,"Quercus","alba",272
-84.504288,38.016506,"Quercus","alba",272
-84.508263,38.019112,"Quercus","alba",272
-85.762001,38.215855,"Quercus","alba",276
-85.762497,38.216927,"Quercus","alba",193.14
-85.759079,38.217205,"Quercus","alba",295.666666666667
-85.763161,38.221478,"Quercus","alba",285.5
-85.758453,38.252666,"Quercus","alba",280
-90.188881,38.283894,"Quercus","alba",294
-76.117172,38.862503,"Quercus","alba",271
-74.93502,38.98407,"Quercus","alba",101
-77.008125,39.08073,"Quercus","alba",97.5
-77.105873,39.115051,"Quercus","alba",103
-77.766342,39.259186,"Quercus","alba",210.2
-123.373718,39.289673,"Quercus","alba",153.307692307692
-76.651367,39.31953,"Quercus","alba",336
-104.79644,39.502098,"Quercus","alba",174
-83.858879,39.816456,"Quercus","alba",123.666666666667
-98.575684,39.831497,"Quercus","alba",266.75
-82.411469,39.980976,"Quercus","alba",190.153846153846
-75.970802,40.096401,"Quercus","alba",164.533333333333
-75.265617,40.101997,"Quercus","alba",303
-77.125366,40.148293,"Quercus","alba",160.5625
-77.116959,40.178272,"Quercus","alba",174.611111111111
-75.160225,40.297539,"Quercus","alba",302
-75.158821,40.298767,"Quercus","alba",295
-73.963432,40.665085,"Quercus","alba",281
-77.956192,40.710247,"Quercus","alba",165.970149253731
-76.040657,40.797592,"Quercus","alba",126.25
-73.878471,40.860325,"Quercus","alba",226.466666666667
-73.878471,40.86039,"Quercus","alba",201.1
-73.878189,40.860519,"Quercus","alba",170.5
-73.878441,40.860531,"Quercus","alba",223.857142857143
-73.879005,40.861065,"Quercus","alba",198.5
-73.875191,40.862221,"Quercus","alba",218.654867256637
-73.876656,40.863445,"Quercus","alba",196.564102564103
-73.878464,40.863785,"Quercus","alba",202
-73.879211,40.865597,"Quercus","alba",209.545454545455
-73.879341,40.866119,"Quercus","alba",179.4375
-73.878731,40.86668,"Quercus","alba",194
-73.826889,41.211025,"Quercus","alba",188.914634146341
-73.401146,41.324959,"Quercus","alba",167.833333333333
-81.918243,41.372311,"Quercus","alba",190.166666666667
-87.784203,41.668213,"Quercus","alba",257
-93.704475,41.674755,"Quercus","alba",299
-73.732552,41.78344,"Quercus","alba",196.89247311828
-69.971687,41.837933,"Quercus","alba",134.736842105263
-73.953369,41.866013,"Quercus","alba",241.578947368421
-69.980156,41.909195,"Quercus","alba",124.235294117647
-73.908508,42.020241,"Quercus","alba",96
-71.922791,42.031719,"Quercus","alba",207
-72.046158,42.064575,"Quercus","alba",281
-71.917282,42.078682,"Quercus","alba",229.285714285714
-71.045303,42.084396,"Quercus","alba",170.571428571429
-71.041908,42.084774,"Quercus","alba",211
-70.936188,42.088829,"Quercus","alba",226.875
-71.894363,42.100708,"Quercus","alba",222
-73.378174,42.14682,"Quercus","alba",189.56
-71.911346,42.15942,"Quercus","alba",180.5
-71.923103,42.168648,"Quercus","alba",210.428571428571
-88.405838,42.169952,"Quercus","alba",89
-72.012825,42.173531,"Quercus","alba",199.333333333333
-85.892448,42.176537,"Quercus","alba",174
-83.625717,42.247295,"Quercus","alba",320
-83.771729,42.283279,"Quercus","alba",128.604651162791
-84.128387,42.285683,"Quercus","alba",162.266666666667
-83.765404,42.296295,"Quercus","alba",126
-71.128052,42.296417,"Quercus","alba",226.11320754717
-71.124771,42.300278,"Quercus","alba",231
-71.120773,42.307365,"Quercus","alba",124
-71.115143,42.309734,"Quercus","alba",158
-71.084755,42.316795,"Quercus","alba",158.9
-71.258598,42.365437,"Quercus","alba",276.864864864865
-71.097397,42.392498,"Quercus","alba",283
-89.075249,42.52763,"Quercus","alba",267.666666666667
-90.48497,42.73381,"Quercus","alba",101.5
-90.478462,42.734161,"Quercus","alba",126
-84.34613,42.746555,"Quercus","alba",262.75
-77.823166,42.789562,"Quercus","alba",293.714285714286
-88.536415,42.868156,"Quercus","alba",309
-89.39151,43.072433,"Quercus","alba",270
-70.910919,43.0774,"Quercus","alba",124.333333333333
-85.627914,43.078892,"Quercus","alba",194.805555555556
-73.591904,43.09248,"Quercus","alba",181.525862068966
-70.950233,43.096924,"Quercus","alba",122
-70.885231,43.115292,"Quercus","alba",122
-89.370369,43.126026,"Quercus","alba",200
-89.363533,43.128765,"Quercus","alba",109
-70.84053,43.151455,"Quercus","alba",265.714285714286
-70.335808,43.57732,"Quercus","alba",135
-70.370773,43.592289,"Quercus","alba",300
-70.280785,43.629707,"Quercus","alba",235.461538461538
-70.270424,43.692337,"Quercus","alba",175.82
-88.787865,43.784439,"Quercus","alba",129
-72.46122,44.34095,"Quercus","alba",132.8
-123.262047,44.564568,"Quercus","alba",311
-71.159248,44.823818,"Quercus","alba",225
-69.035225,44.868633,"Quercus","alba",81
-93.296257,44.893559,"Quercus","alba",267.333333333333
-93.228745,44.923634,"Quercus","alba",105
-93.197121,44.989334,"Quercus","alba",152.690476190476
-92.158867,45.317379,"Quercus","alba",87
-93.204147,45.402004,"Quercus","alba",180.596774193548
-93.199257,45.407852,"Quercus","alba",177.650406504065
-93.199852,45.409084,"Quercus","alba",188
-93.186249,45.425339,"Quercus","alba",176.878787878788
-110.770935,32.610905,"Quercus","arizonica",131
-121.598892,36.076,"Toxicodendron","diversilobum",131
-121.592926,36.408047,"Toxicodendron","diversilobum",49
-121.919579,37.18993,"Toxicodendron","diversilobum",63
-122.359848,37.263165,"Toxicodendron","diversilobum",154
-122.086266,37.291843,"Toxicodendron","diversilobum",75
-121.800873,37.395748,"Toxicodendron","diversilobum",70
-122.14447,37.801937,"Toxicodendron","diversilobum",347
-122.735527,37.930042,"Toxicodendron","diversilobum",152.230769230769
-122.743263,37.932426,"Toxicodendron","diversilobum",168.675
-122.653343,38.226364,"Toxicodendron","diversilobum",177.060606060606
-122.690567,38.571747,"Toxicodendron","diversilobum",147.050909090909
-123.225639,39.16151,"Toxicodendron","diversilobum",199.216216216216
-123.1492,39.231892,"Toxicodendron","diversilobum",162.360465116279
-123.373718,39.289673,"Toxicodendron","diversilobum",108.875
-123.824348,40.234482,"Toxicodendron","diversilobum",81.1
-118.719856,34.842213,"Quercus","douglasii",267
-121.550117,36.387501,"Quercus","douglasii",119.153846153846
-121.592926,36.408047,"Quercus","douglasii",49
-118.825615,36.49078,"Quercus","douglasii",129.717601547389
-118.826218,36.491302,"Quercus","douglasii",135.047413793103
-118.824944,36.491329,"Quercus","douglasii",135.457697642164
-122.130836,37.360928,"Quercus","douglasii",155.315217391304
-122.129555,37.988838,"Quercus","douglasii",131.403636363636
-122.156731,38.255112,"Quercus","douglasii",161.333333333333
-122.507515,38.368973,"Quercus","douglasii",156.787878787879
-122.691551,38.574471,"Quercus","douglasii",149.081967213115
-123.091805,39.018124,"Quercus","douglasii",174.142857142857
-123.224937,39.16151,"Quercus","douglasii",158.444444444444
-123.236237,39.175678,"Quercus","douglasii",140.384615384615
-123.1492,39.231892,"Quercus","douglasii",164.935483870968
-121.833267,39.732826,"Quercus","douglasii",268.642857142857
-98.579498,39.828201,"Quercus","douglasii",256
-122.317856,40.624184,"Quercus","douglasii",283.75
-122.292564,40.672745,"Quercus","douglasii",315
-110.254646,31.34585,"Quercus","emoryi",106.8
-110.227913,31.345968,"Quercus","emoryi",141.592592592593
-110.253822,31.346151,"Quercus","emoryi",155.25
-110.257645,31.347252,"Quercus","emoryi",159.695652173913
-110.273369,31.35058,"Quercus","emoryi",120.5
-110.307281,31.447702,"Quercus","emoryi",157.5
-110.677971,31.660444,"Quercus","emoryi",115
-109.355736,32.008713,"Quercus","emoryi",140.571428571429
-109.366638,32.009281,"Quercus","emoryi",148.4
-109.333611,32.022072,"Quercus","emoryi",117
-109.324158,32.02375,"Quercus","emoryi",136.75
-110.770935,32.610905,"Quercus","emoryi",178.111111111111
-112.402565,34.441677,"Quercus","emoryi",137
-112.390877,34.515797,"Quercus","emoryi",202.4
-112.393097,34.524178,"Quercus","emoryi",213.434782608696
-112.391373,34.524265,"Quercus","emoryi",163
-112.497459,34.575775,"Quercus","emoryi",187
-79.057823,38.027534,"Quercus","emoryi",256
-83.360275,35.163074,"Quercus","falcata",301
-80.206207,36.064461,"Quercus","falcata",285.5
-116.902794,32.542362,"Quercus","gambelii",270.095238095238
-110.770935,32.610905,"Quercus","gambelii",224
-109.795471,34.501957,"Quercus","gambelii",74
-112.386627,34.525112,"Quercus","gambelii",150.8
-112.095329,34.584072,"Quercus","gambelii",49
-111.637695,35.219624,"Quercus","gambelii",208.48
-106.266327,35.898457,"Quercus","gambelii",175.071428571429
-112.094002,36.04726,"Quercus","gambelii",223.439024390244
-112.095001,36.04858,"Quercus","gambelii",209.971830985915
-112.132317,36.05143,"Quercus","gambelii",174.846153846154
-112.123001,36.054131,"Quercus","gambelii",213.148148148148
-112.122002,36.055099,"Quercus","gambelii",221.023255813953
-112.126648,36.058102,"Quercus","gambelii",302
-112.108002,36.060921,"Quercus","gambelii",201.953125
-112.108002,36.061069,"Quercus","gambelii",212.564516129032
-112.051849,36.19849,"Quercus","gambelii",224.466666666667
-112.051788,36.199055,"Quercus","gambelii",225.454545454545
-112.05394,36.202694,"Quercus","gambelii",232.181818181818
-80.429344,37.242546,"Quercus","gambelii",260
-107.884979,37.265465,"Quercus","gambelii",254
-107.869629,37.27232,"Quercus","gambelii",271
-107.869576,37.272655,"Quercus","gambelii",269
-107.870201,37.273243,"Quercus","gambelii",279.733333333333
-107.871201,37.273254,"Quercus","gambelii",276.041666666667
-107.867706,37.273338,"Quercus","gambelii",264.923076923077
-107.870811,37.27338,"Quercus","gambelii",268.742857142857
-107.871445,37.27351,"Quercus","gambelii",275
-107.871162,37.273815,"Quercus","gambelii",275.549707602339
-107.864624,37.274029,"Quercus","gambelii",276.470588235294
-107.867615,37.274136,"Quercus","gambelii",264
-107.872505,37.274574,"Quercus","gambelii",273.058823529412
-107.86322,37.27494,"Quercus","gambelii",277.235294117647
-107.880066,37.27528,"Quercus","gambelii",273.685714285714
-107.868408,37.275337,"Quercus","gambelii",278
-107.872528,37.275444,"Quercus","gambelii",274.818181818182
-107.872704,37.275608,"Quercus","gambelii",276.967741935484
-107.862587,37.276279,"Quercus","gambelii",272.441860465116
-107.86731,37.27631,"Quercus","gambelii",283
-107.862427,37.27652,"Quercus","gambelii",276.4
-107.873512,37.276783,"Quercus","gambelii",274.6
-107.858154,37.277576,"Quercus","gambelii",271
-107.871582,37.279793,"Quercus","gambelii",282.403846153846
-107.868538,37.280556,"Quercus","gambelii",269.066666666667
-107.869469,37.280613,"Quercus","gambelii",268.5
-107.86834,37.299713,"Quercus","gambelii",270.1
-104.690399,38.983101,"Quercus","gambelii",131.714285714286
-104.950615,39.322281,"Quercus","gambelii",144.75
-104.89093,39.498241,"Quercus","gambelii",182.6
-87.659592,42.001438,"Quercus","gambelii",259
-122.653343,38.226364,"Quercus","garryana",131.692307692308
-122.691551,38.574471,"Quercus","garryana",152.66393442623
-123.082359,39.00066,"Quercus","garryana",187.230769230769
-123.224937,39.16151,"Quercus","garryana",167.357142857143
-123.824348,40.234482,"Quercus","garryana",97.8
-122.101212,42.026035,"Quercus","garryana",212.666666666667
-123.393532,42.488136,"Quercus","garryana",118.333333333333
-122.980721,44.007465,"Quercus","garryana",310
-123.363396,44.504642,"Quercus","garryana",241
-122.858025,44.5354,"Quercus","garryana",221.290322580645
-123.431183,44.700569,"Quercus","garryana",104
-123.232376,44.759247,"Quercus","garryana",157.1
-122.907158,44.759911,"Quercus","garryana",160.409090909091
-123.106293,45.145187,"Quercus","garryana",144.666666666667
-122.773186,45.404251,"Quercus","garryana",115
-121.206909,45.529655,"Quercus","garryana",130.777777777778
-121.323334,45.659195,"Quercus","garryana",122
-122.820679,45.865017,"Quercus","garryana",162.214285714286
-123.157837,46.130814,"Quercus","garryana",143
-123.158531,46.131081,"Quercus","garryana",143
-82.424065,28.057789,"Quercus","geminata",172
-87.288864,30.327072,"Quercus","geminata",26
-70.174759,41.289158,"Quercus","ilicifolia",227.96875
-70.17202,41.290005,"Quercus","ilicifolia",218.463768115942
-70.171021,41.290436,"Quercus","ilicifolia",226.339285714286
-70.171257,41.291359,"Quercus","ilicifolia",210.916666666667
-70.170174,41.291912,"Quercus","ilicifolia",217.5
-83.309875,35.520927,"Quercus","imbricaria",155.166666666667
-95.232956,38.928684,"Quercus","imbricaria",140.166666666667
-75.353294,39.906479,"Quercus","imbricaria",316
-75.357048,39.908073,"Quercus","imbricaria",316
-73.879211,40.865597,"Quercus","imbricaria",225.642857142857
-73.879341,40.866119,"Quercus","imbricaria",185.848484848485
-73.878731,40.86668,"Quercus","imbricaria",206.7
-117.715187,34.110611,"Quercus","kelloggii",213.125
-117.662506,34.231152,"Quercus","kelloggii",205
-117.662727,34.231739,"Quercus","kelloggii",191
-117.642563,34.320202,"Quercus","kelloggii",194
-117.687317,34.36021,"Quercus","kelloggii",194
-117.69574,34.380329,"Quercus","kelloggii",210.666666666667
-117.695084,34.380562,"Quercus","kelloggii",200.5
-117.700439,34.38298,"Quercus","kelloggii",219
-117.728119,34.39196,"Quercus","kelloggii",207
-117.743782,34.398842,"Quercus","kelloggii",207
-119.417931,36.778259,"Quercus","kelloggii",179.389473684211
-122.130836,37.360928,"Quercus","kelloggii",311.333333333333
-119.558174,37.743607,"Quercus","kelloggii",100
-119.596817,37.747524,"Quercus","kelloggii",115
-119.594406,37.747635,"Quercus","kelloggii",176
-122.470375,37.767422,"Quercus","kelloggii",128
-122.653343,38.226364,"Quercus","kelloggii",218.689655172414
-120.258217,38.302135,"Quercus","kelloggii",114
-122.691551,38.574471,"Quercus","kelloggii",117.307692307692
-123.21032,39.016533,"Quercus","kelloggii",186.833333333333
-123.225639,39.16151,"Quercus","kelloggii",289.814814814815
-123.227112,39.189178,"Quercus","kelloggii",296.083333333333
-121.040863,39.203247,"Quercus","kelloggii",247
-121.058395,39.208931,"Quercus","kelloggii",77.1176470588235
-121.029388,39.268658,"Quercus","kelloggii",101
-123.373718,39.289673,"Quercus","kelloggii",97.3846153846154
-121.84552,39.730648,"Quercus","kelloggii",265
-123.824348,40.234482,"Quercus","kelloggii",102.666666666667
-123.480087,42.490433,"Quercus","kelloggii",208.642857142857
-70.384727,43.457703,"Quercus","kelloggii",263
-82.63987,27.838184,"Quercus","laurifolia",327
-82.772591,27.86834,"Quercus","laurifolia",70
-82.725639,27.929228,"Quercus","laurifolia",119.348484848485
-97.134949,27.972702,"Quercus","laurifolia",89.6363636363636
-82.718468,28.039858,"Quercus","laurifolia",48.6
-82.706299,28.045185,"Quercus","laurifolia",67.8333333333333
-82.424065,28.057789,"Quercus","laurifolia",133.5859375
-84.456657,30.040356,"Quercus","laurifolia",104.333333333333
-84.147591,30.151529,"Quercus","laurifolia",114.292682926829
-81.024376,33.995293,"Quercus","laurifolia",67
-81.005417,34.026123,"Quercus","laurifolia",79.6666666666667
-85.760132,38.215046,"Quercus","laurifolia",282.857142857143
-117.320084,33.971535,"Quercus","lobata",253
-118.242287,34.095119,"Quercus","lobata",159.5
-118.716232,34.096893,"Quercus","lobata",302
-118.757507,34.11578,"Quercus","lobata",158.701011959522
-118.758636,34.118332,"Quercus","lobata",161.9375
-118.760071,34.119007,"Quercus","lobata",161.593984962406
-118.631882,34.135754,"Quercus","lobata",262
-118.631638,34.135941,"Quercus","lobata",293.701298701299
-118.62973,34.147045,"Quercus","lobata",299
-118.73069,34.156467,"Quercus","lobata",162.287477954145
-118.726082,34.159077,"Quercus","lobata",171.947483588621
-118.723999,34.160259,"Quercus","lobata",157.111111111111
-118.726067,34.160709,"Quercus","lobata",164.797619047619
-118.723801,34.16449,"Quercus","lobata",158.97619047619
-118.723579,34.166229,"Quercus","lobata",166.505813953488
-118.723244,34.167473,"Quercus","lobata",186.571428571429
-118.724167,34.173702,"Quercus","lobata",181.151724137931
-120.040688,34.675453,"Quercus","lobata",152.587141750581
-118.719856,34.842213,"Quercus","lobata",267
-119.029419,35.962433,"Quercus","lobata",237.125
-119.088158,36.203007,"Quercus","lobata",160
-119.114685,36.210747,"Quercus","lobata",173.625
-119.166214,36.330593,"Quercus","lobata",117.3125
-119.305565,36.341011,"Quercus","lobata",120.714285714286
-119.260979,36.345131,"Quercus","lobata",260.153846153846
-119.171791,36.355656,"Quercus","lobata",69.925
-121.550117,36.387501,"Quercus","lobata",108.28125
-121.592926,36.408047,"Quercus","lobata",49
-119.166267,36.421021,"Quercus","lobata",124.649122807018
-119.025848,36.429565,"Quercus","lobata",119
-119.024696,36.431881,"Quercus","lobata",124.060975609756
-119.417931,36.778259,"Quercus","lobata",346
-121.525749,37.067856,"Quercus","lobata",28
-121.622078,37.164356,"Quercus","lobata",29
-121.761139,37.17487,"Quercus","lobata",334
-121.882973,37.213058,"Quercus","lobata",164.753623188406
-122.15538,37.308743,"Quercus","lobata",76
-122.127838,37.359844,"Quercus","lobata",136.567796610169
-122.130836,37.360928,"Quercus","lobata",214.230769230769
-122.13887,37.410206,"Quercus","lobata",86.4857142857143
-121.960197,37.439407,"Quercus","lobata",145.416666666667
-122.266418,37.448662,"Quercus","lobata",35.5
-122.25074,37.835827,"Quercus","lobata",248.5
-122.251404,37.835876,"Quercus","lobata",258
-122.251427,37.83588,"Quercus","lobata",260.2
-122.25058,37.836147,"Quercus","lobata",261
-122.126457,37.978359,"Quercus","lobata",159.30701754386
-122.653343,38.226364,"Quercus","lobata",147.25
-122.738655,38.443714,"Quercus","lobata",225
-122.720764,38.456081,"Quercus","lobata",173
-122.720779,38.456898,"Quercus","lobata",174.777777777778
-122.721207,38.458218,"Quercus","lobata",186.684210526316
-123.21032,39.016533,"Quercus","lobata",199.833333333333
-122.8461,39.126736,"Quercus","lobata",99
-123.225639,39.16151,"Quercus","lobata",272.88
-121.845329,39.731636,"Quercus","lobata",275
-121.833267,39.732826,"Quercus","lobata",257.720930232558
-121.850449,39.735767,"Quercus","lobata",215.913043478261
-121.827835,39.736481,"Quercus","lobata",257
-121.844872,39.746132,"Quercus","lobata",254
-122.389885,40.526695,"Quercus","lobata",94
-122.317856,40.624184,"Quercus","lobata",209.666666666667
-123.472511,41.466087,"Quercus","lobata",107
-95.452667,29.766973,"Quercus","macrocarpa",76
-94.954933,29.793592,"Quercus","macrocarpa",173
-97.603165,30.525684,"Quercus","macrocarpa",75.1666666666667
-97.324806,31.580486,"Quercus","macrocarpa",138.555555555556
-96.970963,32.613674,"Quercus","macrocarpa",203
-97.12867,33.229744,"Quercus","macrocarpa",91.3333333333333
-97.447266,35.178806,"Quercus","macrocarpa",84
-97.446968,35.179035,"Quercus","macrocarpa",90.1666666666667
-97.446976,35.179302,"Quercus","macrocarpa",91.6666666666667
-97.447594,35.179417,"Quercus","macrocarpa",84.8333333333333
-97.447586,35.17942,"Quercus","macrocarpa",96.7777777777778
-97.446884,35.179497,"Quercus","macrocarpa",59
-97.445724,35.179722,"Quercus","macrocarpa",72
-97.446617,35.180058,"Quercus","macrocarpa",88
-97.439476,35.222569,"Quercus","macrocarpa",80
-86.784981,36.09547,"Quercus","macrocarpa",293
-80.423279,37.227909,"Quercus","macrocarpa",293
-80.423248,37.227913,"Quercus","macrocarpa",253.75
-80.423325,37.227959,"Quercus","macrocarpa",264.333333333333
-80.419228,37.228027,"Quercus","macrocarpa",261.75
-80.423065,37.228111,"Quercus","macrocarpa",265
-80.423347,37.228127,"Quercus","macrocarpa",262.666666666667
-80.423065,37.228218,"Quercus","macrocarpa",269.125
-80.422836,37.228489,"Quercus","macrocarpa",106.75
-80.424004,37.228676,"Quercus","macrocarpa",276.333333333333
-80.420212,37.22897,"Quercus","macrocarpa",107.5
-80.41394,37.229572,"Quercus","macrocarpa",183.222222222222
-80.460831,37.237728,"Quercus","macrocarpa",260
-78.464355,37.871059,"Quercus","macrocarpa",259
-94.690666,38.799816,"Quercus","macrocarpa",208.333333333333
-100.366264,39.070278,"Quercus","macrocarpa",138
-85.242989,39.367615,"Quercus","macrocarpa",90
-104.87014,39.733765,"Quercus","macrocarpa",112
-82.411469,39.980976,"Quercus","macrocarpa",194.666666666667
-88.219818,40.108791,"Quercus","macrocarpa",107.4
-73.963432,40.665085,"Quercus","macrocarpa",263.666666666667
-111.969254,40.672852,"Quercus","macrocarpa",162.478260869565
-89.619469,40.700958,"Quercus","macrocarpa",85.3333333333333
-73.881592,40.863052,"Quercus","macrocarpa",165.166666666667
-95.98822,41.272411,"Quercus","macrocarpa",127
-88.297935,41.341278,"Quercus","macrocarpa",166.428571428571
-93.267967,41.558643,"Quercus","macrocarpa",258
-93.661819,41.569942,"Quercus","macrocarpa",273.307692307692
-93.642006,41.587875,"Quercus","macrocarpa",277
-93.284142,41.591492,"Quercus","macrocarpa",264.5
-93.627502,41.597977,"Quercus","macrocarpa",266.648648648649
-87.784401,41.668205,"Quercus","macrocarpa",259.888888888889
-87.784203,41.668213,"Quercus","macrocarpa",259.777777777778
-93.704475,41.674755,"Quercus","macrocarpa",299
-93.777473,41.777195,"Quercus","macrocarpa",276.666666666667
-88.503304,42.011166,"Quercus","macrocarpa",193.723214285714
-88.50972,42.170059,"Quercus","macrocarpa",98
-84.128387,42.285683,"Quercus","macrocarpa",175.230769230769
-88.458191,42.309204,"Quercus","macrocarpa",281
-71.084755,42.316795,"Quercus","macrocarpa",151.888888888889
-83.571907,42.383965,"Quercus","macrocarpa",289
-89.030907,42.503033,"Quercus","macrocarpa",239
-76.556999,42.518417,"Quercus","macrocarpa",186.266666666667
-88.007423,42.53529,"Quercus","macrocarpa",120
-90.48497,42.73381,"Quercus","macrocarpa",129.5
-90.478462,42.734161,"Quercus","macrocarpa",127
-88.536415,42.868156,"Quercus","macrocarpa",309
-106.31089,42.869232,"Quercus","macrocarpa",75
-89.367859,43.126411,"Quercus","macrocarpa",113.5
-96.722244,43.559166,"Quercus","macrocarpa",283
-96.325378,44.013351,"Quercus","macrocarpa",176.945945945946
-92.460548,44.046768,"Quercus","macrocarpa",105.6
-96.781822,44.311478,"Quercus","macrocarpa",309
-93.344765,44.423725,"Quercus","macrocarpa",128
-93.232292,44.846081,"Quercus","macrocarpa",294
-93.290176,44.881065,"Quercus","macrocarpa",226.809523809524
-92.789955,44.924969,"Quercus","macrocarpa",150.6
-93.134766,44.933666,"Quercus","macrocarpa",161.653846153846
-92.73378,44.937252,"Quercus","macrocarpa",121
-93.185822,44.986961,"Quercus","macrocarpa",214.5
-93.185486,44.987164,"Quercus","macrocarpa",246.454545454545
-93.107712,45.032539,"Quercus","macrocarpa",204
-93.355827,45.305565,"Quercus","macrocarpa",154
-93.821838,45.317341,"Quercus","macrocarpa",167.714285714286
-92.158867,45.317379,"Quercus","macrocarpa",87
-95.884605,45.622391,"Quercus","macrocarpa",181.090909090909
-108.539398,45.743057,"Quercus","macrocarpa",144
-97.217995,45.746323,"Quercus","macrocarpa",284.5
-96.061256,46.328629,"Quercus","macrocarpa",177.041666666667
-94.897476,46.917908,"Quercus","macrocarpa",111
-94.696556,46.996738,"Quercus","macrocarpa",254.142857142857
-94.447609,47.033489,"Quercus","macrocarpa",143.333333333333
-82.439514,34.922466,"Quercus","montana",56
-83.941086,35.633415,"Quercus","montana",211.214285714286
-83.687431,35.642353,"Quercus","montana",198.642105263158
-83.111603,35.770512,"Quercus","montana",212.903225806452
-79.94516,37.238335,"Quercus","montana",108
-79.963844,37.254807,"Quercus","montana",110.833333333333
-80.088806,37.381329,"Quercus","montana",289.970149253731
-85.763649,38.212112,"Quercus","montana",78.6666666666667
-85.760132,38.215046,"Quercus","montana",300
-85.759186,38.216541,"Quercus","montana",300
-85.759163,38.216564,"Quercus","montana",284.8
-85.762497,38.216927,"Quercus","montana",155.636363636364
-85.75795,38.217278,"Quercus","montana",103
-83.407051,38.979931,"Quercus","montana",316
-77.340401,39.247299,"Quercus","montana",115
-82.411469,39.980976,"Quercus","montana",170.75
-74.214233,40.130169,"Quercus","montana",166.9
-74.214554,40.130234,"Quercus","montana",138
-81.57325,41.139484,"Quercus","montana",282
-71.951324,42.092777,"Quercus","montana",197
-95.280891,31.966148,"Quercus","palustris",312
-86.686264,33.425774,"Quercus","palustris",94
-82.434921,34.925369,"Quercus","palustris",265
-97.446968,35.179035,"Quercus","palustris",88.4915254237288
-97.447586,35.17942,"Quercus","palustris",103
-83.183243,35.308296,"Quercus","palustris",272.7
-83.18454,35.309563,"Quercus","palustris",257.588235294118
-83.178535,35.310131,"Quercus","palustris",276.666666666667
-83.182861,35.311279,"Quercus","palustris",267.666666666667
-83.783287,35.603577,"Quercus","palustris",128
-83.965218,35.781132,"Quercus","palustris",128
-83.963531,35.788868,"Quercus","palustris",244.538461538462
-83.95253,35.859131,"Quercus","palustris",253.75
-76.679306,36.160412,"Quercus","palustris",286
-88.323036,36.612267,"Quercus","palustris",161
-80.403702,37.1959,"Quercus","palustris",102.6
-80.449104,37.2169,"Quercus","palustris",259.333333333333
-80.420219,37.222633,"Quercus","palustris",276.166666666667
-80.423187,37.222733,"Quercus","palustris",267.666666666667
-80.419586,37.223778,"Quercus","palustris",274.25
-80.423355,37.224499,"Quercus","palustris",284
-80.418488,37.224781,"Quercus","palustris",279
-80.416527,37.225632,"Quercus","palustris",262.666666666667
-80.414284,37.226017,"Quercus","palustris",262
-80.405327,37.232742,"Quercus","palustris",118
-80.421677,37.245232,"Quercus","palustris",270
-80.417297,37.247799,"Quercus","palustris",255
-79.963844,37.254807,"Quercus","palustris",112.4
-85.762497,38.216927,"Quercus","palustris",256
-75.605881,38.344891,"Quercus","palustris",71
-75.599365,38.360676,"Quercus","palustris",70
-77.018829,38.904755,"Quercus","palustris",279.166666666667
-77.029297,38.920509,"Quercus","palustris",100.666666666667
-77.037468,38.927025,"Quercus","palustris",299
-76.990936,38.928421,"Quercus","palustris",238
-77.119751,38.967636,"Quercus","palustris",115.222222222222
-76.940536,38.981617,"Quercus","palustris",276
-76.942184,38.982243,"Quercus","palustris",292.888888888889
-76.945892,38.983082,"Quercus","palustris",286.5
-76.937759,38.989697,"Quercus","palustris",281
-76.939781,38.992634,"Quercus","palustris",303.25
-76.941467,38.998642,"Quercus","palustris",285.333333333333
-76.641273,39.045753,"Quercus","palustris",281
-77.024651,39.394035,"Quercus","palustris",112
-76.628708,39.480644,"Quercus","palustris",150
-121.846344,39.727928,"Quercus","palustris",253.75
-77.569374,39.747726,"Quercus","palustris",210.9375
-77.507004,39.75843,"Quercus","palustris",163.636363636364
-98.579498,39.828201,"Quercus","palustris",269.5
-74.167046,39.935585,"Quercus","palustris",129.5
-82.865509,40.067184,"Quercus","palustris",99
-75.265617,40.101997,"Quercus","palustris",303
-74.214233,40.130169,"Quercus","palustris",165
-74.214554,40.130234,"Quercus","palustris",142
-75.06086,40.300999,"Quercus","palustris",267
-75.05806,40.341923,"Quercus","palustris",262.333333333333
-86.392509,40.534832,"Quercus","palustris",105
-73.599709,40.71516,"Quercus","palustris",254
-73.599762,40.715275,"Quercus","palustris",263.571428571429
-73.95639,40.798607,"Quercus","palustris",110.928571428571
-73.878471,40.860325,"Quercus","palustris",202.928571428571
-73.878471,40.86039,"Quercus","palustris",214.7
-73.878189,40.860519,"Quercus","palustris",198.375
-73.878441,40.860531,"Quercus","palustris",217.363636363636
-73.878464,40.863785,"Quercus","palustris",246.5
-73.879211,40.865597,"Quercus","palustris",202.4
-73.879341,40.866119,"Quercus","palustris",201.333333333333
-73.878731,40.86668,"Quercus","palustris",184.777777777778
-75.798615,41.070114,"Quercus","palustris",149
-85.130272,41.15958,"Quercus","palustris",167
-81.513634,41.190121,"Quercus","palustris",124
-93.67395,41.716537,"Quercus","palustris",290
-70.980988,41.81728,"Quercus","palustris",125
-71.258598,42.365437,"Quercus","palustris",274.296296296296
-85.680176,42.673229,"Quercus","palustris",213.25
-73.658546,42.712811,"Quercus","palustris",197.533333333333
-72.54509,43.6133,"Quercus","palustris",225.133333333333
-70.204201,44.106754,"Quercus","palustris",274.833333333333
-93.252892,44.718021,"Quercus","palustris",332
-93.290176,44.881065,"Quercus","palustris",219.6
-92.789955,44.924969,"Quercus","palustris",168.904761904762
-93.142731,44.980476,"Quercus","palustris",204.529411764706
-93.158249,44.982697,"Quercus","palustris",223.669724770642
-93.153481,45.028946,"Quercus","palustris",292
-86.776024,33.490917,"Quercus","phellos",104
-92.462051,35.074306,"Quercus","phellos",206.571428571429
-81.05629,35.169346,"Quercus","phellos",245.636363636364
-83.195366,35.353306,"Quercus","phellos",204.071428571429
-82.541122,35.484898,"Quercus","phellos",309.9375
-82.988747,35.488716,"Quercus","phellos",278
-82.605217,35.523987,"Quercus","phellos",240.588235294118
-78.899147,36.029877,"Quercus","phellos",167
-78.897537,36.030708,"Quercus","phellos",175.75
-78.897865,36.031437,"Quercus","phellos",167
-78.895111,36.031616,"Quercus","phellos",172
-80.206207,36.064461,"Quercus","phellos",285.066666666667
-86.782738,36.166332,"Quercus","phellos",93
-85.760132,38.215046,"Quercus","phellos",290.5
-85.760284,38.215073,"Quercus","phellos",300
-85.762001,38.215855,"Quercus","phellos",300
-85.762497,38.216927,"Quercus","phellos",167.824817518248
-85.759079,38.217709,"Quercus","phellos",300
-85.758453,38.252666,"Quercus","phellos",272.846153846154
-76.125397,38.858631,"Quercus","phellos",239.6
-76.942184,38.982243,"Quercus","phellos",291.5
-76.937759,38.989697,"Quercus","phellos",281
-76.933601,38.992535,"Quercus","phellos",334
-76.641273,39.045753,"Quercus","phellos",281
-76.699554,39.47728,"Quercus","phellos",295
-73.563881,42.402214,"Quercus","phellos",129
-96.970963,32.613674,"Quercus","rubra",203
-97.071976,32.638493,"Quercus","rubra",209.367088607595
-97.072449,32.639214,"Quercus","rubra",288
-84.355904,34.01189,"Quercus","rubra",165.809523809524
-84.976242,34.750999,"Quercus","rubra",252
-92.255386,34.786446,"Quercus","rubra",231
-80.931053,34.914013,"Quercus","rubra",109.4
-82.439514,34.922466,"Quercus","rubra",56
-84.820152,35.157925,"Quercus","rubra",308
-76.614723,35.192276,"Quercus","rubra",93
-82.642723,35.225719,"Quercus","rubra",218.5
-97.486832,35.260696,"Quercus","rubra",234.142857142857
-83.811615,35.460716,"Quercus","rubra",167.634146341463
-83.433441,35.463467,"Quercus","rubra",185.833333333333
-82.579247,35.476738,"Quercus","rubra",209.25
-82.541122,35.484898,"Quercus","rubra",300
-82.534576,35.485004,"Quercus","rubra",201.333333333333
-82.603394,35.499737,"Quercus","rubra",144
-83.309875,35.520927,"Quercus","rubra",145.020408163265
-82.621315,35.563446,"Quercus","rubra",196.666666666667
-83.074631,35.586998,"Quercus","rubra",198.393548387097
-83.053261,35.592316,"Quercus","rubra",282.333333333333
-82.49382,35.592937,"Quercus","rubra",103.333333333333
-87.229698,35.621964,"Quercus","rubra",239
-83.687721,35.639874,"Quercus","rubra",207.222222222222
-83.687431,35.642353,"Quercus","rubra",211.651162790698
-83.68988,35.644516,"Quercus","rubra",228.72972972973
-83.609718,35.696671,"Quercus","rubra",170.90625
-85.189629,35.834259,"Quercus","rubra",223.333333333333
-82.71479,35.839779,"Quercus","rubra",289.133333333333
-78.706451,35.885597,"Quercus","rubra",284
-78.713539,35.890461,"Quercus","rubra",81
-78.736519,35.914669,"Quercus","rubra",315
-78.748375,35.929985,"Quercus","rubra",301.166666666667
-78.731636,35.941898,"Quercus","rubra",304.4
-78.718491,35.944927,"Quercus","rubra",314.5
-83.497803,35.981258,"Quercus","rubra",235.5
-84.304649,36.012005,"Quercus","rubra",177
-86.685417,36.417171,"Quercus","rubra",241
-92.751999,36.524502,"Quercus","rubra",247.916666666667
-91.788452,36.658627,"Quercus","rubra",250
-88.756111,36.904778,"Quercus","rubra",106.8
-80.088455,37.189873,"Quercus","rubra",114
-80.451508,37.207977,"Quercus","rubra",278
-80.447021,37.212872,"Quercus","rubra",260.8
-80.425674,37.21833,"Quercus","rubra",254
-80.421867,37.222084,"Quercus","rubra",258.8
-80.417587,37.224689,"Quercus","rubra",107
-80.421265,37.22715,"Quercus","rubra",278
-80.424202,37.227238,"Quercus","rubra",277.666666666667
-80.423866,37.227535,"Quercus","rubra",303
-80.422218,37.227654,"Quercus","rubra",92.6666666666667
-80.422279,37.227661,"Quercus","rubra",99.92
-80.420403,37.227875,"Quercus","rubra",285.666666666667
-80.419296,37.228081,"Quercus","rubra",271.333333333333
-80.423347,37.228127,"Quercus","rubra",265
-80.420135,37.228733,"Quercus","rubra",103.2
-80.417892,37.228844,"Quercus","rubra",263
-80.41394,37.229572,"Quercus","rubra",130
-80.421501,37.229893,"Quercus","rubra",96.125
-80.421921,37.229961,"Quercus","rubra",109.5
-80.421524,37.23016,"Quercus","rubra",101.2
-80.418739,37.230289,"Quercus","rubra",270
-80.416107,37.230957,"Quercus","rubra",269
-80.411942,37.235519,"Quercus","rubra",268.25
-79.94516,37.238335,"Quercus","rubra",103.555555555556
-80.429794,37.244556,"Quercus","rubra",265
-80.412697,37.2458,"Quercus","rubra",279
-93.840454,37.420631,"Quercus","rubra",237
-92.958176,37.427532,"Quercus","rubra",172.111111111111
-122.25074,37.835827,"Quercus","rubra",261
-90.592308,37.894665,"Quercus","rubra",226
-87.430412,37.970123,"Quercus","rubra",239.666666666667
-84.501251,37.986835,"Quercus","rubra",289
-87.49691,38.010193,"Quercus","rubra",281.142857142857
-84.503693,38.015343,"Quercus","rubra",272
-84.504288,38.016506,"Quercus","rubra",272
-84.508263,38.019112,"Quercus","rubra",272
-84.508041,38.030636,"Quercus","rubra",272
-78.426704,38.194855,"Quercus","rubra",240.25
-85.77179,38.214298,"Quercus","rubra",187
-85.760132,38.215046,"Quercus","rubra",146.5
-85.759636,38.215633,"Quercus","rubra",319
-85.762001,38.215855,"Quercus","rubra",293.333333333333
-85.762497,38.216927,"Quercus","rubra",140.30612244898
-85.758446,38.218922,"Quercus","rubra",300
-77.521759,38.284821,"Quercus","rubra",239
-92.168747,38.55764,"Quercus","rubra",282
-90.199707,38.664127,"Quercus","rubra",288
-85.850945,38.685692,"Quercus","rubra",100
-90.305168,38.699291,"Quercus","rubra",98
-94.68634,38.786587,"Quercus","rubra",189.5
-77.051582,38.797791,"Quercus","rubra",276
-83.823738,38.82653,"Quercus","rubra",239.333333333333
-84.520149,38.882881,"Quercus","rubra",110
-77.038956,38.901936,"Quercus","rubra",292
-77.034302,38.906849,"Quercus","rubra",120.166666666667
-90.084717,38.909245,"Quercus","rubra",237
-77.070473,38.956398,"Quercus","rubra",102.5
-76.933601,38.992535,"Quercus","rubra",334
-77.105873,39.115051,"Quercus","rubra",103
-76.897888,39.201786,"Quercus","rubra",233
-77.340401,39.247299,"Quercus","rubra",120.5
-77.766342,39.259186,"Quercus","rubra",224.5
-77.740273,39.318905,"Quercus","rubra",156
-76.651367,39.31953,"Quercus","rubra",338.625
-94.759064,39.370327,"Quercus","rubra",217.5
-76.472946,39.381805,"Quercus","rubra",217
-77.617386,39.470772,"Quercus","rubra",314
-88.183289,39.50124,"Quercus","rubra",321
-77.450089,39.508736,"Quercus","rubra",283.571428571429
-78.94593,39.700169,"Quercus","rubra",117
-77.507004,39.75843,"Quercus","rubra",199.923076923077
-85.609932,39.79147,"Quercus","rubra",233
-75.972153,39.80019,"Quercus","rubra",208
-83.858879,39.816456,"Quercus","rubra",126
-75.353294,39.906479,"Quercus","rubra",316
-75.358482,39.908089,"Quercus","rubra",316
-83.80275,39.968002,"Quercus","rubra",228
-82.41301,39.979515,"Quercus","rubra",284.285714285714
-75.239441,39.993828,"Quercus","rubra",101.793650793651
-77.305557,40.031715,"Quercus","rubra",186.818181818182
-77.135651,40.063786,"Quercus","rubra",249.25
-76.931267,40.108326,"Quercus","rubra",119
-85.80529,40.141453,"Quercus","rubra",224.333333333333
-77.122719,40.152855,"Quercus","rubra",324
-75.470024,40.30006,"Quercus","rubra",170
-79.331215,40.404263,"Quercus","rubra",236
-75.78389,40.429977,"Quercus","rubra",112.666666666667
-79.954857,40.496513,"Quercus","rubra",241.5
-73.965942,40.669498,"Quercus","rubra",149.259259259259
-77.956192,40.710247,"Quercus","rubra",118
-81.885284,40.710339,"Quercus","rubra",175.523255813953
-73.599754,40.713669,"Quercus","rubra",279.307692307692
-73.679008,40.814957,"Quercus","rubra",304
-73.394836,40.852734,"Quercus","rubra",233.333333333333
-73.878471,40.86039,"Quercus","rubra",196.965517241379
-73.879005,40.861065,"Quercus","rubra",202.454545454545
-73.875191,40.862221,"Quercus","rubra",213.939393939394
-73.876656,40.863445,"Quercus","rubra",199.485436893204
-73.882172,40.865379,"Quercus","rubra",167.75
-73.882217,40.865631,"Quercus","rubra",181.2
-73.879341,40.866119,"Quercus","rubra",187.96875
-73.875717,40.866283,"Quercus","rubra",213.413793103448
-73.878731,40.86668,"Quercus","rubra",192.9
-73.900909,40.912594,"Quercus","rubra",101
-73.689102,40.976376,"Quercus","rubra",317
-73.688675,40.976433,"Quercus","rubra",266
-82.000015,41.035931,"Quercus","rubra",135
-73.950333,41.041992,"Quercus","rubra",205.5
-74.025383,41.093391,"Quercus","rubra",250.2
-80.097267,41.159523,"Quercus","rubra",242.25
-73.622284,41.185341,"Quercus","rubra",133.117647058824
-95.782738,41.210995,"Quercus","rubra",229.333333333333
-73.826889,41.211025,"Quercus","rubra",189.848739495798
-74.360527,41.261021,"Quercus","rubra",254.25
-87.073982,41.280823,"Quercus","rubra",232.25
-91.693176,41.292011,"Quercus","rubra",236.5
-82.166313,41.469364,"Quercus","rubra",78
-73.246613,41.541645,"Quercus","rubra",219.5
-73.895546,41.667408,"Quercus","rubra",217.55
-93.704475,41.674755,"Quercus","rubra",299
-73.89653,41.689362,"Quercus","rubra",115.75
-73.226364,41.730911,"Quercus","rubra",250
-73.732552,41.78344,"Quercus","rubra",179.143939393939
-74.126534,41.795734,"Quercus","rubra",190.56
-71.336823,41.813477,"Quercus","rubra",123
-73.620338,41.856613,"Quercus","rubra",283.828571428571
-89.896103,41.9772,"Quercus","rubra",101
-87.663048,41.990128,"Quercus","rubra",287
-87.658768,41.995506,"Quercus","rubra",278
-87.657761,41.998508,"Quercus","rubra",245.833333333333
-87.656898,42.000156,"Quercus","rubra",269.666666666667
-87.657021,42.000263,"Quercus","rubra",104
-80.335876,42.01947,"Quercus","rubra",303
-71.922791,42.031719,"Quercus","rubra",207
-87.687683,42.04314,"Quercus","rubra",166.818181818182
-71.927605,42.043365,"Quercus","rubra",202.8
-71.90567,42.048763,"Quercus","rubra",204.5
-71.040581,42.082413,"Quercus","rubra",134
-71.041908,42.084774,"Quercus","rubra",186.727272727273
-73.453377,42.092869,"Quercus","rubra",136.333333333333
-79.269127,42.09705,"Quercus","rubra",257.5
-74.299873,42.101048,"Quercus","rubra",249.75
-73.406525,42.107063,"Quercus","rubra",125
-71.906105,42.10902,"Quercus","rubra",201
-80.014175,42.130302,"Quercus","rubra",257.5
-78.281723,42.140476,"Quercus","rubra",228.5
-73.378174,42.14682,"Quercus","rubra",179.964285714286
-73.417557,42.147518,"Quercus","rubra",169.625
-71.91584,42.150742,"Quercus","rubra",290.75
-71.911346,42.15942,"Quercus","rubra",173
-90.326866,42.205841,"Quercus","rubra",166.8
-77.787331,42.255615,"Quercus","rubra",114.75
-73.59346,42.270908,"Quercus","rubra",208.538461538462
-84.128387,42.285683,"Quercus","rubra",179.333333333333
-72.659904,42.286816,"Quercus","rubra",135.285714285714
-71.124771,42.300278,"Quercus","rubra",233.777777777778
-71.115143,42.309734,"Quercus","rubra",221.333333333333
-71.170273,42.33514,"Quercus","rubra",239.125
-71.246376,42.343227,"Quercus","rubra",286.891891891892
-71.26149,42.363464,"Quercus","rubra",264
-71.258598,42.365437,"Quercus","rubra",270.327586206897
-71.258736,42.366283,"Quercus","rubra",273.164179104478
-71.257408,42.366829,"Quercus","rubra",285.352941176471
-71.11087,42.374451,"Quercus","rubra",97
-88.370796,42.383469,"Quercus","rubra",123
-71.022293,42.411251,"Quercus","rubra",206
-72.428421,42.44883,"Quercus","rubra",307.5
-76.497223,42.455273,"Quercus","rubra",173.411764705882
-82.964958,42.457664,"Quercus","rubra",97.5
-72.118774,42.482925,"Quercus","rubra",127
-62.885742,42.4883,"Quercus","rubra",272.714285714286
-74.140076,42.515305,"Quercus","rubra",177.675675675676
-76.556999,42.518417,"Quercus","rubra",181.454545454545
-71.3545,42.546036,"Quercus","rubra",187.072463768116
-86.227997,42.57737,"Quercus","rubra",302.5
-71.242645,42.605289,"Quercus","rubra",292.5
-71.965851,42.611107,"Quercus","rubra",129.666666666667
-82.944817,42.63335,"Quercus","rubra",212.5
-72.185913,42.673504,"Quercus","rubra",177.3
-75.666634,42.755417,"Quercus","rubra",286.666666666667
-75.665657,42.75666,"Quercus","rubra",279.625
-75.663376,42.758427,"Quercus","rubra",282.333333333333
-78.619591,42.763412,"Quercus","rubra",163.291666666667
-77.820496,42.79649,"Quercus","rubra",291.694444444444
-88.536415,42.868156,"Quercus","rubra",309
-73.433449,42.936153,"Quercus","rubra",194.071428571429
-72.447968,42.967396,"Quercus","rubra",125
-88.164078,42.98386,"Quercus","rubra",319
-88.476479,43.015816,"Quercus","rubra",311
-89.322929,43.052647,"Quercus","rubra",211.75
-89.319557,43.054859,"Quercus","rubra",189
-70.69133,43.08535,"Quercus","rubra",180.68
-73.591904,43.09248,"Quercus","rubra",185.542168674699
-90.042336,43.104828,"Quercus","rubra",124.666666666667
-89.370369,43.126026,"Quercus","rubra",118
-89.363533,43.128765,"Quercus","rubra",183
-72.443977,43.133411,"Quercus","rubra",301
-71.209297,43.144962,"Quercus","rubra",222.25
-70.84053,43.151455,"Quercus","rubra",270.411764705882
-71.324806,43.300652,"Quercus","rubra",199
-70.557152,43.346775,"Quercus","rubra",213.275
-70.384727,43.457703,"Quercus","rubra",263
-70.414711,43.472893,"Quercus","rubra",297
-70.684097,43.485798,"Quercus","rubra",229.333333333333
-70.336418,43.609581,"Quercus","rubra",294
-72.54509,43.6133,"Quercus","rubra",239.037037037037
-72.518349,43.628536,"Quercus","rubra",170.4
-87.777641,43.628811,"Quercus","rubra",307
-70.382561,43.634499,"Quercus","rubra",275
-70.402718,43.637226,"Quercus","rubra",111.666666666667
-70.270424,43.692337,"Quercus","rubra",175.604166666667
-70.698067,43.740105,"Quercus","rubra",108
-70.332298,43.775387,"Quercus","rubra",135.75
-72.229866,43.81374,"Quercus","rubra",261
-71.940529,43.880802,"Quercus","rubra",194.75
-70.364349,44.113251,"Quercus","rubra",245.5
-89.271324,44.144447,"Quercus","rubra",233.25
-92.646301,44.201355,"Quercus","rubra",134.578947368421
-86.148796,44.239376,"Quercus","rubra",267.333333333333
-70.315315,44.277962,"Quercus","rubra",126
-69.796761,44.278259,"Quercus","rubra",121.666666666667
-93.975426,44.319633,"Quercus","rubra",181
-93.975334,44.320057,"Quercus","rubra",181
-93.972511,44.321655,"Quercus","rubra",181
-93.975739,44.32375,"Quercus","rubra",181
-93.977547,44.32415,"Quercus","rubra",181
-93.955688,44.325893,"Quercus","rubra",181
-75.908867,44.340019,"Quercus","rubra",134
-72.46122,44.34095,"Quercus","rubra",126.714285714286
-69.311577,44.394394,"Quercus","rubra",170.772727272727
-73.202827,44.446484,"Quercus","rubra",112
-73.206642,44.474133,"Quercus","rubra",95.25
-90.130013,44.505775,"Quercus","rubra",279.333333333333
-93.632935,44.65258,"Quercus","rubra",120.818181818182
-73.576591,44.730141,"Quercus","rubra",257
-68.720551,44.836506,"Quercus","rubra",155
-93.358376,44.915478,"Quercus","rubra",119.333333333333
-68.688423,44.915829,"Quercus","rubra",294
-92.789955,44.924969,"Quercus","rubra",167.857142857143
-93.282776,44.934433,"Quercus","rubra",160.210526315789
-93.181702,44.978004,"Quercus","rubra",95
-93.142731,44.980476,"Quercus","rubra",159.087719298246
-93.131744,44.990288,"Quercus","rubra",178.133333333333
-70.319252,45.118938,"Quercus","rubra",153.666666666667
-89.848251,45.177551,"Quercus","rubra",213.066666666667
-93.355827,45.305565,"Quercus","rubra",154
-93.891396,45.324078,"Quercus","rubra",109
-93.204147,45.402004,"Quercus","rubra",176.95652173913
-93.199257,45.407852,"Quercus","rubra",171.43949044586
-93.186249,45.425339,"Quercus","rubra",168.432432432432
-92.270836,45.539204,"Quercus","rubra",131.666666666667
-87.457619,46.557777,"Quercus","rubra",264.75
-68.481377,46.740166,"Quercus","rubra",138.5
-68.483543,46.740944,"Quercus","rubra",142
-92.085083,46.817535,"Quercus","rubra",107
-94.696556,46.996738,"Quercus","rubra",260.333333333333
-94.447609,47.033489,"Quercus","rubra",133.75
-93.469864,47.531052,"Quercus","rubra",144
-90.424248,48.045929,"Quercus","rubra",240
-95.280891,31.966148,"Quercus","shumardii",313
-92.751999,36.524502,"Quercus","shumardii",182.125
-85.762497,38.216927,"Quercus","shumardii",89
-98.579498,39.828201,"Quercus","shumardii",267.75
-75.058174,40.341476,"Quercus","shumardii",271
-81.633675,34.477066,"Quercus","velutina",108.5
-97.446884,35.179497,"Quercus","velutina",61
-86.580444,35.51749,"Quercus","velutina",234
-83.309875,35.520927,"Quercus","velutina",136.95652173913
-83.941086,35.633415,"Quercus","velutina",172.703703703704
-83.68988,35.644516,"Quercus","velutina",227.974358974359
-83.501266,35.688396,"Quercus","velutina",202.583333333333
-80.5233,37.096001,"Quercus","velutina",260
-80.424522,37.217918,"Quercus","velutina",265.555555555556
-80.416328,37.220814,"Quercus","velutina",77
-80.438652,37.227467,"Quercus","velutina",259
-80.411942,37.235519,"Quercus","velutina",268.25
-80.411507,37.236149,"Quercus","velutina",257.166666666667
-79.94516,37.238335,"Quercus","velutina",107.666666666667
-79.963844,37.254807,"Quercus","velutina",112.666666666667
-79.901085,37.313286,"Quercus","velutina",106
-77.116959,40.178272,"Quercus","velutina",148.365853658537
-75.160225,40.297539,"Quercus","velutina",302
-75.158821,40.298767,"Quercus","velutina",295
-76.924904,40.412285,"Quercus","velutina",179.869565217391
-73.878471,40.860325,"Quercus","velutina",237.588235294118
-73.878189,40.860519,"Quercus","velutina",175.166666666667
-73.878441,40.860531,"Quercus","velutina",214.875
-73.875191,40.862221,"Quercus","velutina",208.9375
-73.876656,40.863445,"Quercus","velutina",209.810810810811
-73.878464,40.863785,"Quercus","velutina",269.142857142857
-73.875717,40.866283,"Quercus","velutina",203.362763915547
-87.784203,41.668213,"Quercus","velutina",308
-73.933533,41.724182,"Quercus","velutina",277.808988764045
-87.660278,42.002048,"Quercus","velutina",238
-71.951324,42.092777,"Quercus","velutina",197
-71.140724,42.251423,"Quercus","velutina",180.6
-71.410568,42.30077,"Quercus","velutina",261.428571428571
-71.258598,42.365437,"Quercus","velutina",266.354430379747
-70.69133,43.08535,"Quercus","velutina",197.797101449275
-93.296257,44.893559,"Quercus","velutina",261.75
-82.780289,27.780294,"Quercus","virginiana",57
-82.757439,27.800741,"Quercus","virginiana",34.875
-82.725639,27.929228,"Quercus","virginiana",117.890909090909
-97.134949,27.972702,"Quercus","virginiana",93.4666666666667
-82.718468,28.039858,"Quercus","virginiana",50
-82.706299,28.045185,"Quercus","virginiana",235.125
-82.424065,28.057789,"Quercus","virginiana",170.513513513514
-82.729958,28.150997,"Quercus","virginiana",68
-82.609047,28.345505,"Quercus","virginiana",106
-81.997917,28.618063,"Quercus","virginiana",75
-82.846573,29.502026,"Quercus","virginiana",270
-98.915482,29.513208,"Quercus","virginiana",91
-84.147591,30.151529,"Quercus","virginiana",159.921568627451
-97.693077,30.27471,"Quercus","virginiana",218
-97.75518,30.330112,"Quercus","virginiana",58
-91.974129,30.335663,"Quercus","virginiana",289.666666666667
-90.182861,30.468864,"Quercus","virginiana",82.375
-88.442879,30.805164,"Quercus","virginiana",86.5
-106.763657,32.319939,"Quercus","virginiana",16
-96.664871,33.035183,"Quercus","virginiana",306
-96.857719,33.086292,"Quercus","virginiana",59
-97.043053,33.150963,"Quercus","virginiana",57.75
-97.149483,33.19767,"Quercus","virginiana",57.5
-97.128609,33.223484,"Quercus","virginiana",92.3111111111111
-97.127892,33.226196,"Quercus","virginiana",50.8
-80.445854,33.546391,"Quercus","virginiana",213
-79.830627,33.667664,"Quercus","virginiana",28
-79.782715,34.928726,"Quercus","virginiana",226.333333333333
-106.480675,35.04623,"Quercus","virginiana",172
-97.447594,35.179417,"Quercus","virginiana",87
-80.447639,37.214645,"Quercus","virginiana",269
-71.915535,42.118385,"Quercus","virginiana",197.492537313433
